{
  "metrics": {
    "train": {
      "n_samples": 15966,
      "rmse": 0.006735182538561134,
      "mae": 0.0039870160265111235,
      "r2": 0.004842106303416083,
      "direction_accuracy": 0.5427157710134035
    },
    "val": {
      "n_samples": 3414,
      "rmse": 0.004407839230990217,
      "mae": 0.003013461436183043,
      "r2": -0.0045895947351171085,
      "direction_accuracy": 0.5538957234915056
    },
    "test": {
      "n_samples": 3414,
      "rmse": 0.005100693264148345,
      "mae": 0.003287293705144255,
      "r2": -0.0008523964624018721,
      "direction_accuracy": 0.5700058582308143
    }
  },
  "model_path": "/home/alexandre/Documentos/github/bot-trade/forex-rl-dqn/models/hybrid_30m/lightgbm_model",
  "feature_columns": [
    "rsi",
    "ema_fast",
    "ema_slow",
    "macd",
    "macd_signal",
    "range",
    "range_pct",
    "body",
    "body_pct",
    "upper_shadow",
    "lower_shadow",
    "is_bullish",
    "rsi_normalized",
    "rsi_overbought",
    "rsi_oversold",
    "rsi_divergence",
    "ema_cross",
    "ema_cross_pct",
    "ema_cross_signal",
    "price_ema_fast_dist",
    "price_ema_slow_dist",
    "macd_hist",
    "macd_hist_change",
    "macd_cross_signal",
    "macd_strength",
    "signal_convergence"
  ]
}