{
  "combination_id": 1,
  "timestamp": "2025-12-30T09:01:47.455217",
  "use_ema": true,
  "use_macd": true,
  "use_rsi": true,
  "use_bollinger": true,
  "use_atr": true,
  "use_momentum": false,
  "use_sma": false,
  "use_stochastic": false,
  "use_adx": false,
  "use_cci": false,
  "use_williams": false,
  "use_roc": false,
  "use_obv": false,
  "use_mfi": false,
  "use_volatility": false,
  "use_volume_features": false,
  "use_returns": false,
  "prediction_horizon": 10,
  "learning_rate": 0.03,
  "num_leaves": 50,
  "max_depth": 6,
  "n_estimators": 500,
  "min_child_samples": 20,
  "subsample": 0.8,
  "colsample_bytree": 0.8,
  "reg_alpha": 0.3,
  "reg_lambda": 0.3,
  "train_rmse": 0.005340693978401521,
  "train_mae": 0.004186966685384264,
  "train_r2": 0.24689436252246344,
  "train_direction_acc": 0.7213024282560706,
  "val_rmse": 0.006344114672047721,
  "val_mae": 0.005139992209616008,
  "val_r2": -0.08305265394737416,
  "val_direction_acc": 0.42782152230971127,
  "test_rmse": 0.005740944885950551,
  "test_mae": 0.004653717076390665,
  "test_r2": -0.0043809090044308885,
  "test_direction_acc": 0.5905511811023622,
  "test_confidence_mean": 0.8544405624916599,
  "combined_score": 0.4151897637835884
}