{
  "combination_id": 3,
  "timestamp": "2025-12-17T23:16:14.785917",
  "use_ema": true,
  "use_macd": true,
  "use_rsi": true,
  "use_bollinger": false,
  "use_atr": false,
  "use_momentum": false,
  "use_sma": false,
  "use_stochastic": false,
  "use_adx": false,
  "use_cci": false,
  "use_williams": false,
  "use_roc": false,
  "use_obv": false,
  "use_mfi": false,
  "use_volatility": false,
  "use_volume_features": false,
  "use_returns": false,
  "prediction_horizon": 3,
  "learning_rate": 0.03,
  "num_leaves": 50,
  "max_depth": 6,
  "n_estimators": 500,
  "min_child_samples": 20,
  "subsample": 0.8,
  "colsample_bytree": 0.8,
  "reg_alpha": 0.3,
  "reg_lambda": 0.3,
  "train_rmse": 0.006735182538561134,
  "train_mae": 0.0039870160265111235,
  "train_r2": 0.004842106303416083,
  "train_direction_acc": 0.5427157710134035,
  "val_rmse": 0.004407839230990217,
  "val_mae": 0.003013461436183043,
  "val_r2": -0.0045895947351171085,
  "val_direction_acc": 0.5538957234915056,
  "test_rmse": 0.005100693264148345,
  "test_mae": 0.003287293705144255,
  "test_r2": -0.0008523964624018721,
  "test_direction_acc": 0.5700058582308143,
  "combined_score": 0.43509483503333407
}