{
  "metrics": {
    "train": {
      "n_samples": 15960,
      "rmse": 0.00868783454462082,
      "mae": 0.005263824907502106,
      "r2": 0.00407180542568264,
      "direction_accuracy": 0.5441729323308271
    },
    "val": {
      "n_samples": 3408,
      "rmse": 0.005524103142230341,
      "mae": 0.0039375894022924225,
      "r2": -0.0071720763727167736,
      "direction_accuracy": 0.5654342723004695
    },
    "test": {
      "n_samples": 3408,
      "rmse": 0.006382131834984813,
      "mae": 0.004262500749004898,
      "r2": -0.0008591891534703855,
      "direction_accuracy": 0.5865610328638498
    }
  },
  "model_path": "/home/alexandre/Documentos/github/bot-trade/forex-rl-dqn/models/hybrid_30m/lightgbm_model",
  "feature_columns": [
    "ema_fast",
    "ema_slow",
    "macd",
    "macd_signal",
    "atr",
    "range",
    "range_pct",
    "body",
    "body_pct",
    "upper_shadow",
    "lower_shadow",
    "is_bullish",
    "ema_cross",
    "ema_cross_pct",
    "ema_cross_signal",
    "price_ema_fast_dist",
    "price_ema_slow_dist",
    "macd_hist",
    "macd_hist_change",
    "macd_cross_signal",
    "macd_strength",
    "atr_normalized",
    "atr_ma",
    "atr_ratio",
    "signal_convergence"
  ]
}