{
  "combination_id": 88,
  "timestamp": "2025-12-17T21:07:40.832139",
  "use_ema": true,
  "use_macd": true,
  "use_rsi": false,
  "use_bollinger": false,
  "use_atr": true,
  "use_momentum": false,
  "use_sma": false,
  "use_stochastic": false,
  "use_adx": false,
  "use_cci": false,
  "use_williams": false,
  "use_roc": false,
  "use_obv": false,
  "use_mfi": false,
  "use_volatility": false,
  "use_volume_features": false,
  "use_returns": false,
  "prediction_horizon": 16,
  "learning_rate": 0.01,
  "num_leaves": 50,
  "max_depth": 8,
  "n_estimators": 500,
  "min_child_samples": 30,
  "subsample": 0.9,
  "colsample_bytree": 0.7,
  "reg_alpha": 0.1,
  "reg_lambda": 0.3,
  "min_confidence": 0.02,
  "train_rmse": 0.00868783454462082,
  "train_mae": 0.005263824907502106,
  "train_r2": 0.00407180542568264,
  "train_direction_acc": 0.5441729323308271,
  "val_rmse": 0.005524103142230341,
  "val_mae": 0.0039375894022924225,
  "val_r2": -0.0071720763727167736,
  "val_direction_acc": 0.5654342723004695,
  "test_rmse": 0.006382131834984813,
  "test_mae": 0.004262500749004898,
  "test_r2": -0.0008591891534703855,
  "test_direction_acc": 0.5865610328638498,
  "combined_score": 0.41982109897113506
}