{
  "combination_id": 51,
  "timestamp": "2025-12-19T19:21:54.009453",
  "use_ema": true,
  "use_macd": true,
  "use_rsi": true,
  "use_bollinger": true,
  "use_atr": true,
  "use_momentum": false,
  "use_sma": false,
  "use_stochastic": false,
  "use_adx": false,
  "use_cci": false,
  "use_williams": false,
  "use_roc": false,
  "use_obv": false,
  "use_mfi": false,
  "use_volatility": false,
  "use_volume_features": false,
  "use_returns": false,
  "prediction_horizon": 8,
  "learning_rate": 0.008,
  "num_leaves": 15,
  "max_depth": 9,
  "n_estimators": 200,
  "min_child_samples": 40,
  "subsample": 0.9,
  "colsample_bytree": 0.82,
  "reg_alpha": 0.4,
  "reg_lambda": 0.1,
  "train_rmse": 0.004124789342906941,
  "train_mae": 0.003349567243710641,
  "train_r2": 0.03658320809910287,
  "train_direction_acc": 0.6005005474737994,
  "val_rmse": 0.004401234380452396,
  "val_mae": 0.003561281786726122,
  "val_r2": 0.009744347143812226,
  "val_direction_acc": 0.5557184750733137,
  "test_rmse": 0.004483265435533176,
  "test_mae": 0.003601491660364407,
  "test_r2": -0.0009880456390032322,
  "test_direction_acc": 0.5601173020527859,
  "combined_score": 0.4443659633827473
}