{
  "combination_id": 90,
  "timestamp": "2025-12-15T08:19:39.892953",
  "use_ema": true,
  "use_macd": true,
  "use_rsi": true,
  "use_bollinger": false,
  "use_atr": false,
  "prediction_horizon": 16,
  "learning_rate": 0.03,
  "num_leaves": 50,
  "max_depth": 4,
  "n_estimators": 500,
  "min_child_samples": 20,
  "subsample": 0.9,
  "colsample_bytree": 0.9,
  "reg_alpha": 0.5,
  "reg_lambda": 0.5,
  "train_rmse": 0.008677702445436506,
  "train_mae": 0.005263978550791625,
  "train_r2": 0.006393433220074574,
  "train_direction_acc": 0.5441729323308271,
  "val_rmse": 0.005526293620085087,
  "val_mae": 0.0039400617760823415,
  "val_r2": -0.007970984533311798,
  "val_direction_acc": 0.5654342723004695,
  "test_rmse": 0.006382551752192136,
  "test_mae": 0.004265449484639196,
  "test_r2": -0.00099089806602648,
  "test_direction_acc": 0.5865610328638498,
  "combined_score": 0.4198215188883424
}