{
  "combination_id": 70,
  "timestamp": "2025-12-19T00:41:52.002530",
  "use_ema": false,
  "use_macd": false,
  "use_rsi": true,
  "use_bollinger": true,
  "use_atr": true,
  "use_momentum": false,
  "use_sma": false,
  "use_stochastic": false,
  "use_adx": false,
  "use_cci": false,
  "use_williams": false,
  "use_roc": false,
  "use_obv": false,
  "use_mfi": false,
  "use_volatility": false,
  "use_volume_features": false,
  "use_returns": false,
  "prediction_horizon": 20,
  "learning_rate": 0.008,
  "num_leaves": 50,
  "max_depth": 2,
  "n_estimators": 400,
  "min_child_samples": 10,
  "subsample": 0.5,
  "colsample_bytree": 0.82,
  "reg_alpha": 0.3,
  "reg_lambda": 0.7,
  "train_rmse": 0.006448481841595757,
  "train_mae": 0.005205068284375417,
  "train_r2": 0.059513864750357026,
  "train_direction_acc": 0.5980253878702397,
  "val_rmse": 0.007202285945376118,
  "val_mae": 0.005888009878802301,
  "val_r2": 0.005469709402839751,
  "val_direction_acc": 0.5162721893491125,
  "test_rmse": 0.006969788493010855,
  "test_mae": 0.005584996025744582,
  "test_r2": -0.0017188173298150478,
  "test_direction_acc": 0.5813609467455622,
  "combined_score": 0.4256088417474487
}