{
  "combination_id": 35,
  "timestamp": "2025-12-12T23:47:32.992374",
  "use_ema": true,
  "use_macd": false,
  "use_rsi": true,
  "use_bollinger": true,
  "use_atr": true,
  "prediction_horizon": 10,
  "learning_rate": 0.05,
  "num_leaves": 70,
  "max_depth": 6,
  "n_estimators": 300,
  "min_child_samples": 20,
  "subsample": 0.7,
  "colsample_bytree": 0.9,
  "reg_alpha": 0.1,
  "reg_lambda": 0.1,
  "train_rmse": 0.0029764453428000577,
  "train_mae": 0.0020041441456260197,
  "train_r2": 0.04628803855485075,
  "train_direction_acc": 0.588556694701946,
  "val_rmse": 0.002874534072820852,
  "val_mae": 0.0020749654572562986,
  "val_r2": 0.0065301401463162545,
  "val_direction_acc": 0.5219638242894057,
  "test_rmse": 0.0022337758729533085,
  "test_mae": 0.001544120734141713,
  "test_r2": 0.0025752556505925783,
  "test_direction_acc": 0.5581395348837209,
  "combined_score": 0.4440942409892324
}