{
  "combination_id": 16,
  "timestamp": "2025-12-13T16:09:00.547494",
  "use_ema": true,
  "use_macd": true,
  "use_rsi": true,
  "use_bollinger": true,
  "use_atr": true,
  "prediction_horizon": 16,
  "learning_rate": 0.03,
  "num_leaves": 31,
  "max_depth": 8,
  "n_estimators": 300,
  "min_child_samples": 20,
  "subsample": 0.7,
  "colsample_bytree": 0.9,
  "reg_alpha": 0.5,
  "reg_lambda": 0.3,
  "train_rmse": 0.007660622653666766,
  "train_mae": 0.005630934756452037,
  "train_r2": 0.048807969397055784,
  "train_direction_acc": 0.6275982532751092,
  "val_rmse": 0.007440688924066121,
  "val_mae": 0.005576294138354609,
  "val_r2": 0.003192688055726589,
  "val_direction_acc": 0.4756247439573945,
  "test_rmse": 0.006089628890998128,
  "test_mae": 0.004386149175293396,
  "test_r2": 0.003931591110753363,
  "test_direction_acc": 0.5511875511875511,
  "combined_score": 0.454902077703447
}