{
  "combination_id": 11,
  "timestamp": "2025-12-13T15:48:42.053483",
  "use_ema": true,
  "use_macd": true,
  "use_rsi": true,
  "use_bollinger": true,
  "use_atr": true,
  "prediction_horizon": 16,
  "learning_rate": 0.05,
  "num_leaves": 31,
  "max_depth": 8,
  "n_estimators": 800,
  "min_child_samples": 20,
  "subsample": 0.7,
  "colsample_bytree": 0.8,
  "reg_alpha": 0.3,
  "reg_lambda": 0.3,
  "train_rmse": 0.02040050897984586,
  "train_mae": 0.015858102290040147,
  "train_r2": 0.07646629955122453,
  "train_direction_acc": 0.6050406234455314,
  "val_rmse": 0.02064119259642224,
  "val_mae": 0.017001615011644666,
  "val_r2": -0.0010395122765074483,
  "val_direction_acc": 0.5125,
  "test_rmse": 0.02294736334620404,
  "test_mae": 0.017693046354422298,
  "test_r2": 0.015745038020879454,
  "test_direction_acc": 0.5671875,
  "combined_score": 0.4557598633462041
}