{
  "combination_id": 54,
  "timestamp": "2025-12-13T14:59:42.052662",
  "use_ema": true,
  "use_macd": true,
  "use_rsi": true,
  "use_bollinger": true,
  "use_atr": true,
  "prediction_horizon": 16,
  "learning_rate": 0.05,
  "num_leaves": 31,
  "max_depth": 6,
  "n_estimators": 300,
  "min_child_samples": 20,
  "subsample": 0.8,
  "colsample_bytree": 0.8,
  "reg_alpha": 0.3,
  "reg_lambda": 0.3,
  "train_rmse": 0.0025626254736092384,
  "train_mae": 0.0017440308668707821,
  "train_r2": 0.010037032527470124,
  "train_direction_acc": 0.5586612070500268,
  "val_rmse": 0.002818634067367854,
  "val_mae": 0.002086576628701337,
  "val_r2": -0.00143597896446912,
  "val_direction_acc": 0.5504306751875521,
  "test_rmse": 0.0019288100235929778,
  "test_mae": 0.0014554103104477045,
  "test_r2": 0.0005059877304585125,
  "test_direction_acc": 0.5373714920811337,
  "combined_score": 0.4645573179424593
}