{
  "combination_id": 20,
  "timestamp": "2025-12-12T23:51:45.249882",
  "use_ema": true,
  "use_macd": false,
  "use_rsi": true,
  "use_bollinger": true,
  "use_atr": true,
  "prediction_horizon": 5,
  "learning_rate": 0.05,
  "num_leaves": 31,
  "max_depth": 8,
  "n_estimators": 500,
  "min_child_samples": 10,
  "subsample": 0.7,
  "colsample_bytree": 0.7,
  "reg_alpha": 0.5,
  "reg_lambda": 0.3,
  "train_rmse": 0.0012954048576173385,
  "train_mae": 0.0007653850745498043,
  "train_r2": 0.00019977013461569548,
  "train_direction_acc": 0.5091849473871946,
  "val_rmse": 0.0016395185481868232,
  "val_mae": 0.0011264800592665303,
  "val_r2": -7.817557238376516e-05,
  "val_direction_acc": 0.4935173070060664,
  "test_rmse": 0.0011824683221327197,
  "test_mae": 0.0007875289017950169,
  "test_r2": -0.00037685157655587,
  "test_direction_acc": 0.5193291304864993,
  "combined_score": 0.4818533378356334
}