{
  "combination_id": 17,
  "timestamp": "2025-12-13T15:15:30.869404",
  "use_ema": false,
  "use_macd": false,
  "use_rsi": true,
  "use_bollinger": true,
  "use_atr": true,
  "prediction_horizon": 16,
  "learning_rate": 0.03,
  "num_leaves": 70,
  "max_depth": 8,
  "n_estimators": 300,
  "min_child_samples": 30,
  "subsample": 0.7,
  "colsample_bytree": 0.9,
  "reg_alpha": 0.3,
  "reg_lambda": 0.5,
  "train_rmse": 0.006707629283623826,
  "train_mae": 0.0038184345265261954,
  "train_r2": 0.010369611822227287,
  "train_direction_acc": 0.5505484174240051,
  "val_rmse": 0.004343924035150585,
  "val_mae": 0.0031451638358982337,
  "val_r2": -0.007848053140059763,
  "val_direction_acc": 0.573818608746698,
  "test_rmse": 0.004686142119622319,
  "test_mae": 0.003087540314098079,
  "test_r2": -0.0005519359030756732,
  "test_direction_acc": 0.5805694159084238,
  "combined_score": 0.4241167262111985
}